Period,InvCapBank,InvResBank,InvComBank,InvComLoan,InvLabBank,InvMacro,ConsumRes,ConsumLab,ConsumCap,Demand,DemandPlan,DemandSurplus,GoodProduction,GoodPrice,Investment,InvestmentRes,InvestmentLab,Repayment,WagesPayment,RepaysPayment,Diff,DividendDecision,DividendPayment,DividendIncome,AccLabBank,AccLabLab,AccLabGood,AccResBank,AccResRes,AccResGood,AccCapBank,AccCapDiv,AccCapGood,AccComBank,AccComLoan,AccComDiv,AccComRes,AccComLab,AccComGood,AccBankComLoan,AccBankComBank,AccBankLabBank,AccBankResBank,AccBankCapBank
0.0,0.0,0.0,0.0,0.0,0.0,0.0,0.0,0.0,0.0,0.0,0.0,0.0,31.168332304523204,30.0,260.0,208.0,52.0,26.0,0.0,0.0,52.0,7.8,0.0,0.0,0.0,0.0,0.0,0.0,0.0,0.0,0.0,0.0,0.0,0.0,0.0,0.0,20.0,110.0,0.0,0.0,0.0,0.0,0.0,0.0
1,0.0,0.0,0.0,0.0,0.0,0.0,166.4,0.0,0.0,166.4,117.0,49.400000000000006,1.0,141.7,289.49022148740454,231.59217718992363,57.89804429748091,28.949022148740454,52.0,26.0,138.49804429748093,41.57470664462214,7.8,7.8,0.0,100.0,0.0,208.0,91.68,0.0,0.0,7.8,0.0,52.0,260.0,7.8,8.32,0.0,31.168332304523204,260.0,52.0,0.0,208.0,0.0
2,0.0,0.0,0.0,0.0,0.0,0.0,218.55374175193893,49.4,4.68,272.63374175193894,247.27059966933206,25.363142082606885,3.200705013355776,89.9366128641303,275.197523208496,220.15801856679684,55.03950464169921,27.5197523208496,109.89804429748091,54.949022148740454,121.25147330279447,94.38693871441154,41.57470664462214,41.57470664462214,52.0,195.66666666666666,0.0,273.19217718992365,182.41631291240307,1.1743119266055047,7.8,41.57470664462214,0.0,190.49804429748093,523.4902214874046,41.57470664462214,9.263687087596946,4.333333333333333,30.9940203779177,523.4902214874046,190.49804429748093,52.0,273.19217718992365,7.8
3,0.0,0.0,0.0,0.0,0.0,0.0,219.8371632038253,106.87314208260685,26.816823986773283,353.5271292732054,371.10948511315524,-17.582355839949855,4.808942825032824,77.17070021738554,249.45737549429768,199.56590039543815,49.89147509885954,24.94573754942977,164.93754893918012,82.46877446959006,61.62534224888327,133.94360837744264,94.38693871441156,94.38693871441156,112.4980442974809,286.5084963085432,0.5492757446250498,274.7964540047816,273.60999216973124,2.782379999872078,44.69470664462214,94.38693871441156,0.05203664949079419,311.7495176002754,743.7387225471601,94.38693871441156,8.806320742671875,9.15817035812341,31.16332657526721,743.7387225471601,311.74951760027545,112.4980442974809,274.7964540047816,44.69470664462214
4,0.0,0.0,0.0,0.0,0.0,0.0,203.62015295711555,162.03432859635146,67.35889282335624,433.01337437682326,483.36530408558923,-50.351929708765965,6.039524837500339,80.03366441748855,229.9474098206992,183.95792785655937,45.98948196413984,22.99474098206992,214.82902403803965,107.41451201901982,22.815711906460933,152.7723007256326,133.94360837744267,133.94360837744267,170.56245115405417,372.76370056361156,1.4123565221883179,254.52519119639442,365.6273561539137,3.683426822115062,112.26482137226041,133.94360837744267,0.36831473315617824,373.37485984915867,910.7273235718678,133.94360837744267,7.982636015817526,13.744795744931675,31.391163769829674,910.7273235718678,373.3748598491587,170.56245115405417,254.52519119639442,112.26482137226041
5,0.0,0.0,0.0,0.0,0.0,0.0,187.8903728766706,212.18928926595524,107.3097221558081,507.3893842984339,586.8416385049039,-79.45225420647,7.020432583177502,83.59052402427527,212.945852688386,170.35668215070882,42.589170537677205,21.2945852688386,260.8185060021795,130.40925300108975,5.978495107209255,159.37300296832925,152.7723007256326,152.7723007256326,223.35714659574236,454.8612818937749,2.0951949809315877,234.86296609583823,458.2690390396513,3.6492093538273145,178.84953692634684,152.7723007256326,0.9889578904178749,396.1905717556196,1033.2602213735472,152.7723007256326,7.358317114262373,17.90241866983664,32.02029814815964,1033.2602213735472,396.19057175561943,223.35714659574236,234.86296609583823,178.84953692634684
6,0.0,0.0,0.0,0.0,0.0,0.0,173.8634202959012,258.38704516536825,134.5872692977028,566.8377347589721,682.6672722146775,-115.82953745570535,7.830805967678647,87.17714051814853,192.3817925033711,153.9054340026969,38.47635850067422,19.238179250337108,303.4076765398567,151.70383826992833,-9.170424518468053,160.86762674513156,159.37300296832927,159.37300296832927,271.9863633319666,533.1264063935934,2.6431968714689007,217.32927536987648,551.4547717536229,3.342510084561067,224.31211549617132,159.37300296832927,1.6793377851564912,402.16906686282886,1115.7968210608433,159.37300296832927,6.814267286028354,21.734875500181627,32.97079170151261,1115.7968210608433,402.1690668628288,271.9863633319666,217.32927536987648,224.31211549617132
7,0.0,0.0,0.0,0.0,0.0,0.0,157.89703126133776,301.1566449711322,149.45870950007867,608.5123857325486,769.2390788411946,-160.72669310864592,8.459535166758437,90.93160128512771,168.4394347242641,134.75154777941128,33.68788694485282,16.84394347242641,341.88403504053093,170.94201752026544,-31.4934066285266,157.19945693774434,160.8676267451316,160.8676267451316,317.006994706455,607.8424333486053,3.096091025872057,197.37128907667218,645.298554393515,2.997122412371858,249.0978491667978,160.8676267451316,2.215571818246355,392.9986423443608,1156.474775294286,160.8676267451316,6.156217360107876,25.283973044988063,34.29946039570535,1156.474775294286,392.99864234436063,317.006994706455,197.37128907667218,249.0978491667978
8,0.0,0.0,0.0,0.0,0.0,0.0,139.3806444757966,339.84766553706095,156.30405984711044,635.532369859968,845.0368244671134,-209.50445460714548,8.891706226822926,95.03652087806904,144.65656456365855,115.72525165092685,28.931312912731713,14.465656456365855,375.57192198538377,187.78596099269186,-56.093657143120254,144.60209428633368,157.19945693774434,157.19945693774434,357.73438477585364,679.3520970952277,3.466707571969736,174.22580559474574,739.9084924823386,2.635574101144639,260.5067664118507,157.19945693774434,2.5298675435933493,361.5052357158342,1153.9721924982848,157.19945693774434,5.390061911176451,28.490336253377574,36.06701634805977,1153.9721924982848,361.50523571583426,357.73438477585364,174.22580559474574,260.5067664118507
9,0.0,0.0,0.0,0.0,0.0,0.0,120.45633021590079,373.7857091629677,156.8412981014908,651.0833374803592,910.1322785207597,-259.04894104040045,9.151832072708023,99.44809643469036,123.18387826695438,98.54710261356351,24.636775653390877,12.318387826695439,404.5032348981154,202.2516174490577,-75.63683349975656,122.16463142908559,144.60209428633368,144.60209428633368,393.4586412241765,748.0544369297791,3.749304515485161,150.570412769876,835.2794824163016,2.257273103229097,261.40216350248465,144.60209428633368,2.6566206481950045,305.41157857271395,1110.8427960692516,144.60209428633368,4.629010066037074,31.29766016544865,38.27147893435265,1110.8427960692516,305.411578572714,393.4586412241765,150.570412769876,261.40216350248465
10,0.0,0.0,0.0,0.0,0.0,0.0,102.92894813403096,402.96735861135795,149.49777581239653,655.3940825577854,965.5650237408892,-310.17094118310376,9.279055959087428,104.05854086861764,103.98217105111041,83.18573684088834,20.796434210222085,10.39821710511104,429.14001055150635,214.57000527575315,-89.68413048833759,91.90989802918295,122.1646314290856,122.1646314290856,424.1761669593242,814.3458340216027,3.946066170020995,128.6611851675387,931.337598311759,1.8884301552623635,249.16295968732754,122.1646314290856,2.6397654060550826,229.7747450729574,1031.7750568871484,122.1646314290856,3.94188410454254,33.70860290817629,40.87634469174323,1031.7750568871484,229.77474507295744,424.1761669593242,128.6611851675387,249.16295968732754
11,0.0,0.0,0.0,0.0,0.0,0.0,87.13437909951688,427.831377954499,133.09788918240997,648.0636462364258,895.357000713889,-247.29335447746314,9.29544763749147,96.32209610892023,128.0247650582528,102.41981204660225,25.60495301165056,12.802476505825279,397.9364447617284,198.96822238086418,-15.145965923699123,56.03624583384792,91.90989802918295,91.90989802918295,450.34881889947263,878.5841664756439,4.069809642413006,108.91797387439608,1028.0101688381235,1.5556736883817026,221.82981530401662,91.90989802918295,2.492576084606985,140.0906145846198,921.1872226625057,91.90989802918295,3.327429473635533,35.76166754595886,43.85707975293076,921.1872226625057,140.09061458461986,450.34881889947263,108.91797387439608,221.82981530401662
12,0.0,0.0,0.0,0.0,0.0,0.0,99.36272545718516,399.4311914213669,108.38509449047376,607.1790113690258,822.6975453207706,-215.51853395174476,9.257234795532336,88.87076578394829,141.90168887852906,113.52135110282325,28.38033777570581,14.190168887852906,365.64335347589804,182.82167673794902,31.058073097036754,54.63657042892378,56.036245833847914,56.036245833847914,420.45388570670207,945.4227960788331,4.645164773248106,124.20340682148145,1123.9133763562595,1.3713167548604734,180.6418241507896,56.036245833847914,2.3788306080406647,124.94464866092068,850.2437653398944,56.036245833847914,4.09679248186409,33.161370396810696,46.42443827675094,850.2437653398944,124.94464866092073,420.45388570670207,124.20340682148145,180.6418241507896
13,0.0,0.0,0.0,0.0,0.0,0.0,110.68962597369564,367.3327453731715,76.97578529649824,554.9981566433654,762.7144198722854,-207.71626322891996,8.951352445320907,85.20661257964153,145.4834348788903,116.38674790311225,29.096686975778063,14.548343487889031,338.98418660990467,169.4920933049523,20.981993275362697,65.54838769448739,54.63657042892379,54.63657042892379,386.6660477612332,1014.9525166225081,4.726775506493934,138.36203246711955,1219.3725223121467,1.5294536431549268,128.29297549416376,54.63657042892379,2.1711132104149318,156.00272175795743,809.3237774804744,54.63657042892379,4.540854044112929,30.470279456324832,48.849516220556296,809.3237774804744,156.00272175795737,386.6660477612332,138.36203246711955,128.29297549416376
14,0.0,0.0,0.0,0.0,0.0,0.0,115.24732351722892,340.40161454806804,63.57225637595358,519.2211944412505,715.9261465953522,-196.70495215410165,8.559425935698236,83.64184140077502,150.65261802344455,120.52209441875564,30.13052360468891,15.065261802344455,318.1893984868232,159.09469924341158,6.5192326212171565,71.77177090651062,65.54838769448739,65.54838769448739,358.3174889979664,1086.7038344050159,4.547421380912735,144.05915439653614,1314.7170523960222,1.7579092824860278,105.9537606265893,65.54838769448739,1.7718468273801211,176.98471503332013,785.3151190544124,65.54838769448739,4.655469916124489,28.24868221749206,51.28731132753547,785.3151190544124,176.98471503331996,358.3174889979664,144.05915439653614,105.9537606265893
15,0.0,0.0,0.0,0.0,0.0,0.0,119.46714023845033,319.30000928988545,64.75793516707385,503.52508469540965,680.2434902865875,-176.71840559117788,8.27209092670531,82.23356057300033,160.36830840383087,128.2946467230647,32.07366168076617,16.036830840383086,302.3304401273723,151.16522006368612,10.33131527860678,74.95127635360593,71.77177090651062,71.77177090651062,336.1052729367215,1160.1880511977806,4.29712382493025,149.3339252980629,1409.896168619272,1.9052396703517134,107.9298919451231,71.77177090651062,1.4687920166197228,183.50394765453728,776.8730378344454,71.77177090651062,4.820883776750224,26.515783207235273,53.63906433607551,776.8730378344454,183.50394765453723,336.1052729367215,149.3339252980629,107.9298919451231
16,0.0,0.0,0.0,0.0,0.0,0.0,126.52914542614181,303.17891858549785,68.96623661073592,498.67430062237554,656.5835953585379,-157.90929473616234,8.108727959168563,80.97245322136338,169.8877081313132,135.91016650505057,33.97754162626264,16.988770813131318,291.8149312704613,145.9074656352306,19.97816898934036,80.53083052165869,74.95127635360595,74.95127635360595,319.1357037742083,1234.993847853833,4.097699242976428,158.16143178267725,1504.7643827503493,2.0243502972494705,114.94372768455987,74.95127635360595,1.3750047217502268,193.83526293314407,786.0761261745902,74.95127635360595,5.131785868922589,25.19420334394769,55.788045899804615,786.0761261745902,193.835262933144,319.1357037742083,158.16143178267725,114.94372768455987
17,0.0,0.0,0.0,0.0,0.0,0.0,134.03396228926883,292.3831306362131,72.55726045645795,498.97435338193986,646.4612573911118,-147.4869040091719,8.02298873909501,80.57611426537191,175.31139110621052,140.2491128849684,35.0622782212421,17.53113911062105,287.31611439604967,143.6580571980248,22.531629487448754,88.90511719211109,80.53083052165869,80.53083052165869,307.77171645917167,1310.6759369146278,3.9491079234646165,167.54245286158604,1599.3279760901473,2.169924725759582,120.92876742742992,80.53083052165869,1.4017265662542617,213.81343192248443,810.0563686706728,80.53083052165869,5.436406660202024,24.317910939205106,57.73820658351847,810.0563686706728,213.81343192248448,307.77171645917167,167.54245286158604,120.92876742742992
18,0.0,0.0,0.0,0.0,0.0,0.0,139.0060827658285,287.5694652080578,77.3414024955784,503.91695046946467,649.5536377629876,-145.63668729352293,7.9963797286597105,81.23096448695797,176.2848734216295,141.02789873730362,35.256974684325904,17.62848734216295,288.6905056724389,144.34525283621946,17.233049453021067,97.12298198192644,88.9051171921111,88.9051171921111,302.70470021900826,1386.7329273816235,3.826113011422202,173.75760345728563,1693.7180115747485,2.3144227639236115,128.90233749263066,88.9051171921111,1.4611716327896924,236.34506140993318,841.7097025788585,88.9051171921111,5.609964515398738,23.943009533004144,59.56861135488078,841.7097025788585,236.34506140993324,302.70470021900826,173.75760345728563,128.90233749263066
19,0.0,0.0,0.0,0.0,0.0,0.0,140.62353554300861,288.6344536492199,84.27963131349803,513.5376205057265,663.7863767490745,-150.248756243348,8.03119250299197,82.65103550958155,173.86416682087,139.091333456696,34.772833364174,17.386416682087,295.0161674440331,147.50808372201655,8.663220721924631,102.73072745347041,97.12298198192644,97.12298198192644,303.82574068338937,1462.6753852422537,3.7314515422800345,175.77941942876075,1788.0768956252564,2.405571840777882,140.46605218916338,97.12298198192644,1.5365859027885178,253.57811086295425,873.6493231642685,97.12298198192644,5.6411159494921455,24.057542139369914,61.361482930558125,873.6493231642685,253.5781108629543,303.82574068338937,175.77941942876075,140.46605218916338
20,0.0,0.0,0.0,0.0,0.0,0.0,139.3977738739585,294.6970817542924,91.98564171455509,526.080497342806,686.5925065983364,-160.51200925553042,8.12176655767286,84.53733577822342,168.54951999208185,134.8396159936655,33.70990399841637,16.854951999208186,305.15222515481616,152.57611257740808,-0.6686638444722348,104.89653263395155,102.73072745347042,102.73072745347042,310.2074544782026,1538.0907046219177,3.6787787166941786,174.24721734244812,1882.5132422869885,2.4230844223323293,153.3094028575918,102.73072745347042,1.6343388426609247,262.2413315848789,900.0054062631219,102.73072745347042,5.56365333826784,24.584680620336087,63.17935194232544,900.0054062631219,262.2413315848788,310.2074544782026,174.24721734244812,153.3094028575918
21,0.0,0.0,0.0,0.0,0.0,0.0,135.7512475697241,304.6294679847899,98.4326931579043,538.8134087124183,715.6478136217737,-176.83440490935538,8.248032571467407,86.76588112629784,160.31071016753148,128.2485681340252,32.0621420335063,16.03107101675315,318.06569494301056,159.03284747150525,-11.1195243025428,104.62906709616266,104.89653263395155,104.89653263395155,320.6625978787263,1612.661352525683,3.66993809870643,169.68905946215511,1977.1196576472419,2.3758745464817936,164.05448859650716,104.89653263395155,1.7418422400703846,261.57266774040664,915.9788136777956,104.89653263395155,5.39358463974662,25.42935209623468,65.07806341433846,915.9788136777956,261.5726677404066,320.6625978787263,169.68905946215511,164.05448859650716
22,0.0,0.0,0.0,0.0,0.0,0.0,129.74910402116495,317.3938835950996,102.31099684353265,549.4539844597972,730.1764889209492,-180.72250446115197,8.383786113415322,87.09388324596648,158.38817073916013,126.71053659132811,31.677634147832027,15.838817073916013,324.5228839648663,162.26144198243315,-10.281774435832745,100.18125737514555,104.62906709616266,104.62906709616266,334.09882483694696,1686.1558779470988,3.6944330474654277,162.1863800264562,2071.989714921881,2.2773318215187928,170.51832807255443,104.62906709616266,1.8312000269289288,250.45314343786384,917.2566763738218,104.62906709616266,5.1299427253610075,26.505474578584213,67.11612725480073,917.2566763738218,250.4531434378638,334.09882483694696,162.1863800264562,170.51832807255443
23,0.0,0.0,0.0,0.0,0.0,0.0,127.31825007729549,324.16643394637794,103.70183899511066,555.1865230187841,737.5954057582331,-182.40888273944904,8.473353600475903,87.04881686004539,157.5592012215065,126.0473609772052,31.5118402443013,15.75592012215065,327.8201803369925,163.91009016849625,-5.213164617548955,96.06854760081245,100.18125737514555,100.18125737514555,341.22782520671365,1759.11230428336,3.828994611229987,159.14781259661936,2166.921293458228,2.172960930211299,172.83639832518443,100.18125737514555,1.907200818139762,240.1713690020311,913.3834051305489,100.18125737514555,5.068421463653125,27.043573663738854,69.19115821823549,913.3834051305489,240.17136900203104,341.22782520671365,159.14781259661936,172.83639832518443
24,0.0,0.0,0.0,0.0,0.0,0.0,126.30153879722326,327.6374930174618,101.5894900231316,555.5285218378167,743.0295006124104,-187.5009787745937,8.5203587169019,87.2063636403544,155.07421654802278,124.05937323841823,31.014843309604558,15.507421654802277,330.23533360551573,165.11766680275787,-4.878182861664868,93.98328175379287,96.06854760081245,96.06854760081245,344.8815715973282,1831.793955921944,3.915411131065811,157.87692349652906,2261.87939901914,2.1144957523159458,169.31581670521933,96.06854760081245,1.9541870300436006,234.95820438448214,907.0325161835592,96.06854760081245,5.041894439088208,27.318348361416042,71.28663624216682,907.0325161835592,234.9582043844821,344.8815715973282,157.87692349652906,169.31581670521933
25,0.0,0.0,0.0,0.0,0.0,0.0,124.50780635017924,330.1054415761131,98.27692456974012,552.8901724960324,745.0192199484705,-192.12904745243816,8.53188019797539,87.32180980755722,152.83953258869914,122.27162607095931,30.56790651773983,15.283953258869914,331.1196533104314,165.55982665521566,-7.204682705667551,92.03200860912692,93.98328175379288,93.98328175379288,347.4794121853822,1904.274344788151,3.9528070770607098,155.63475793772403,2356.9170240896033,2.082655174041837,163.7948742829002,93.98328175379288,1.9466068855768233,230.08002152281728,896.9890659288242,93.98328175379288,4.962374929536728,27.519611133792978,73.43671991665487,896.9890659288242,230.08002152281722,347.4794121853822,155.63475793772403,163.7948742829002
26,0.0,0.0,0.0,0.0,0.0,0.0,122.71886212680329,331.0689427237155,95.70073888017177,549.4885437306906,741.6312708316611,-192.14272710097055,8.51966502425718,87.04934627360225,152.83296123750767,122.26636899000614,30.566592247501536,15.283296123750768,329.613898147405,164.8069490737025,-6.397719852042314,89.1501355268599,92.03200860912693,92.03200860912693,348.49362391970055,1976.681040345615,3.9779724645091328,153.3985776585041,2452.026159046765,2.0506465961428564,159.50123146695296,92.03200860912693,1.9040995534693863,222.87533881714972,884.2687718623076,92.03200860912693,4.890865042838372,27.593304442535953,75.63696116080519,884.2687718623076,222.87533881714967,348.49362391970055,153.3985776585041,159.50123146695296
27,0.0,0.0,0.0,0.0,0.0,0.0,122.35686761736557,329.6866503762205,93.49950071754488,545.5430187111309,733.9566347294488,-188.41361601831784,8.493923303218523,86.40961408861997,154.63173890759526,123.70539112607622,30.926347781519056,15.463173890759526,326.20294876864386,163.10147438432193,-1.9851921871756986,86.59104758604298,89.15013552685991,89.15013552685991,347.03857934339,2049.2132154999977,4.002131581266777,152.94608452170695,2547.1355042871646,2.0249559975154527,155.83250119590812,89.15013552685991,1.8610247447320105,216.4776189651074,872.2947840261127,89.15013552685991,4.8906547596002445,27.467824845617088,77.84424628500419,872.2947840261127,216.47761896510735,347.03857934339,152.94608452170695,155.83250119590812
28,0.0,0.0,0.0,0.0,0.0,0.0,123.4356864243341,326.3771338490227,90.8898816031339,540.7027018764907,724.6507912400718,-183.94808936358118,8.457468409617956,85.68176150867893,156.8051758402796,125.44414067222368,31.36103516805592,15.680517584027958,322.0670183289208,161.0335091644604,2.372161965122359,86.15279500594104,86.59104758604298,86.59104758604298,343.55487773581336,2122.029636435944,4.01549973702954,154.2946080304176,2642.1872886421215,2.023496683199712,151.48313600522317,86.59104758604298,1.8264596408954017,214.4924267779317,863.825048549386,86.59104758604298,4.948215645043049,27.18357906405366,80.02471680330883,863.825048549386,214.49242677793154,343.55487773581336,154.2946080304176,151.48313600522317
29,0.0,0.0,0.0,0.0,0.0,0.0,125.04244982264572,322.2825241049259,88.31058119287934,535.635555120451,715.8849273284646,-180.2493722080136,8.412259892498517,85.10019144401879,158.62128054003904,126.89702443203123,31.724256108007808,15.862128054003904,318.17107881265093,159.08553940632547,3.950398003541409,87.33839519775285,86.15279500594104,86.15279500594104,339.2447622157115,2195.1907182418677,4.009953604356476,156.30306227830715,2737.1695230152327,2.0476786588195743,147.18430198813223,86.15279500594104,1.7913683220688412,216.86458874305407,859.5967152252052,86.15279500594104,5.017765626888948,26.83891819407674,82.17159247585145,859.5967152252052,216.8645887430538,339.2447622157115,156.30306227830715,147.18430198813223
30,0.0,0.0,0.0,0.0,0.0,0.0,126.52610951015413,318.3766510772646,87.01590948071636,531.9186700681352,709.0256285020906,-177.10695843395547,8.366085215150298,84.74998882608834,160.17543120025002,128.14034496020003,32.035086240050006,16.017543120025003,315.12250155648474,157.56125077824237,3.931608775705058,88.91573601499395,87.33839519775285,87.33839519775285,335.13331692343644,2268.6764616741466,3.9875928516421104,158.15763688769266,2832.0936420379517,2.0836592794706545,145.02651580119394,87.33839519775285,1.754272152877697,220.81498674659548,859.1324563589188,87.33839519775285,5.0758809772812485,26.514256567720906,84.28967669105074,859.1324563589188,220.8149867465952,335.13331692343644,158.15763688769266,145.02651580119394
31,0.0,0.0,0.0,0.0,0.0,0.0,127.81749787019085,315.28520903252365,87.20940091093824,530.3121078136527,705.2572885457662,-174.9451807321135,8.330935314136369,84.65523521099108,161.2505082413323,129.00040659306586,32.250101648266465,16.125050824133233,313.4476837981183,156.72384189905915,3.474947749747912,90.4198803713824,88.91573601499397,88.91573601499397,331.8791674026565,2342.4162532111063,3.9560367877599196,159.77187233773856,2926.968028239544,2.118031426225418,145.3490015182304,88.91573601499397,1.7284453915744376,224.74659552230054,861.7466367809266,88.91573601499397,5.125613798408,26.2602084630404,86.37943458821564,861.7466367809266,224.74659552230037,331.8791674026565,159.77187233773856,145.3490015182304
32,0.0,0.0,0.0,0.0,0.0,0.0,128.76382484849088,313.5395600598386,88.23320197337166,530.5365868817012,705.6801976789766,-175.14361079727541,8.31391522613383,84.8794074133391,161.15162646909326,128.9213011752746,32.23032529381865,16.115162646909326,313.6356434128785,156.81782170643925,1.8935666848196888,91.57265231154234,90.41988037138242,90.41988037138242,330.0416421682512,2416.2956128945966,3.922145741412724,160.95478106061358,3021.808011975821,2.145268771493852,147.05533662228612,90.41988037138242,1.7215495417021958,228.22154327204845,866.2733031231998,90.41988037138242,5.1600162637226346,26.120640316509864,88.44599527162863,866.2733031231998,228.22154327204817,330.0416421682512,160.95478106061358,147.05533662228612
33,0.0,0.0,0.0,0.0,0.0,0.0,128.88980590991784,313.6308392452265,89.54520901217813,532.0658541673225,706.9237527574466,-174.85789859012402,8.316082314971887,85.0068248464465,161.29401551011134,129.03521240808908,32.25880310202227,16.129401551011135,314.18833455886517,157.09416727943255,1.4695031195046795,92.26646945067297,91.57265231154236,91.57265231154236,330.1377255212911,2490.1593092768567,3.8900487225119584,161.1122573873973,3116.65115992881,2.160601411546759,149.2420150202969,91.57265231154236,1.7281322810375217,230.11510995686814,870.6071078858538,91.57265231154236,5.156852047010983,26.13630361773987,90.50943581786589,870.6071078858538,230.11510995686785,330.1377255212911,161.1122573873973,149.2420150202969
34,0.0,0.0,0.0,0.0,0.0,0.0,129.0061311084548,314.16045979318324,90.76167499179667,533.9282658934347,708.6044191873186,-174.67615329388389,8.32736719967528,85.09345177128135,161.3846346045714,129.10770768365714,32.276926920914285,16.13846346045714,314.9352974165861,157.46764870829304,1.535777238796868,92.86421181636865,92.26646945067296,92.26646945067296,330.6952208349297,2563.976948063618,3.8839807787381924,161.25766388556852,3211.4897514324866,2.1644093397038717,151.2694583196611,92.26646945067296,1.7446413806224685,231.58461307637282,874.8069561165327,92.26646945067296,5.1614084963235625,26.182361213238764,92.56642240577787,874.8069561165327,231.58461307637253,330.6952208349297,161.25766388556852,151.2694583196611
35,0.0,0.0,0.0,0.0,0.0,0.0,129.0873923686167,314.8965555354159,91.66455166712244,535.6484995711551,711.4441073127656,-175.79560774161052,8.341459377099238,85.29012432356555,160.827007590729,128.66160607258323,32.165401518145806,16.0827007590729,316.19738102789586,158.09869051394787,0.6536177310883886,93.34619878573115,92.86421181636865,92.86421181636865,331.4700584583326,2637.732339945569,3.8861454020671795,161.35924046077085,3306.3254431251403,2.1653751939942127,152.7742527785374,92.86421181636865,1.7644682961908207,233.1203903151697,878.7239420128111,92.86421181636865,5.164308307346286,26.244608118048845,94.61917910629799,878.7239420128111,233.1203903151694,331.4700584583326,161.35924046077085,152.7742527785374
36,0.0,0.0,0.0,0.0,0.0,0.0,128.7467633317899,316.1323397532719,92.38434775667015,537.2634508417319,715.038471063679,-177.7750202219471,8.357144688635872,85.56014017993435,159.8441703741149,127.87533629929192,31.96883407482298,15.98441703741149,317.7948760283018,158.8974380141509,-0.8062279116289801,93.50960321850323,93.34619878573113,93.34619878573113,332.7708839508125,2711.382558193244,3.886370777254449,160.93345416473738,3401.178978882237,2.1631218113785877,153.9739129277836,93.34619878573113,1.780525482995519,233.77400804625807,881.4522590895923,93.34619878573113,5.14646424290333,26.34978175232466,96.68032755854662,881.4522590895923,233.7740080462578,332.7708839508125,160.93345416473738,153.9739129277836
37,0.0,0.0,0.0,0.0,0.0,0.0,128.0496217057915,317.7117492145503,92.96145837410675,538.7228292944486,718.1935151751524,-179.47068588070374,8.373695832491634,85.76780546391669,159.0054425297876,127.20435402383008,31.80108850595752,15.900544252978758,319.1971178556233,159.5985589278116,-1.7813622015320334,93.18711205385165,93.50960321850323,93.50960321850323,334.43342022584244,2784.8996518575523,3.88917386622007,160.0620271322394,3496.0639654302654,2.1536882076936186,154.9357639568446,93.50960321850323,1.7919693843634439,232.9677801346291,882.3989914495563,93.50960321850323,5.115013451971676,26.482906335691823,98.75810606437986,882.3989914495563,232.9677801346288,334.43342022584244,160.0620271322394,154.9357639568446
38,0.0,0.0,0.0,0.0,0.0,0.0,127.37340756022239,319.1228494235696,93.29034528074463,539.7866022645367,720.1616818051389,-180.3750795406022,8.388360348236453,85.8524970206536,158.55932244361907,126.84745795489526,31.711864488723815,15.855932244361906,320.07185858006176,160.03592929003085,-1.7964331706838266,92.47456717323882,93.18711205385165,93.18711205385165,335.9187888669154,2858.29989203625,3.898782798329811,159.21675945027798,3590.975791269312,2.1390865031657613,155.48390880124106,93.18711205385165,1.800661333945777,231.18641793309706,881.8058750515322,93.18711205385165,5.088174160953202,26.599759821301944,100.85062417079462,881.8058750515322,231.18641793309666,335.9187888669154,159.21675945027798,155.48390880124106
39,0.0,0.0,0.0,0.0,0.0,0.0,126.95264787596066,320.02440812223716,93.22840534460883,540.2054613428066,720.9510477766416,-180.745586433835,8.398342190051533,85.84444780431336,158.37680433881513,126.70144347105212,31.67536086776303,15.837680433881513,320.4226879007296,160.2113439503648,-1.2277768137636258,91.7559939049653,92.47456717323882,92.47456717323882,336.86779802340754,2931.6272371545783,3.9120453453049953,158.69080984495082,3685.901892951116,2.125356736080883,155.38067557434806,92.47456717323882,1.8068997336972046,229.38998476241323,880.3292682051205,92.47456717323882,5.073898318195812,26.672654881671818,102.95161232839253,880.3292682051205,229.38998476241284,336.86779802340754,158.69080984495082,155.38067557434806
40,0.0,0.0,0.0,0.0,0.0,0.0,126.75168435203382,320.4027739118049,92.77610244178683,539.9305607056256,720.8410334860909,-180.91047278046528,8.402291590453654,85.79100424282841,158.29562448059812,126.6364995844785,31.659124896119625,15.829562448059812,320.3737926604848,160.1868963302424,-0.7269972939474201,91.26488317945984,91.7559939049653,91.7559939049653,337.26607780189994,3004.9253464961844,3.9235592441887723,158.43960544004227,3780.833835212274,2.116475498904006,154.62683740297805,91.7559939049653,1.808775445202478,228.1622079486496,878.4947285935707,91.7559939049653,5.068057738842085,26.701890658394134,105.0571135117172,878.4947285935707,228.1622079486492,337.26607780189994,158.43960544004227,154.62683740297805
41,0.0,0.0,0.0,0.0,0.0,0.0,126.65953653798957,320.3752417230509,92.1640373196939,539.1988155807344,719.9951204622475,-180.79630488151315,8.400495774228578,85.70864622908105,158.35183068720914,126.68146454976733,31.67036613744183,15.835183068720914,319.9978313165545,159.99891565827724,-0.39244843611538727,90.97408426188088,91.26488317945984,91.26488317945984,337.2370965505799,3078.227530441144,3.930867592428898,158.32442067248695,3875.768375228895,2.1123899120119907,153.60672886615652,91.26488317945984,1.8049301155278985,227.4352106547022,876.6034567439262,91.26488317945984,5.06545998337914,26.697816055040406,107.16584827216371,876.6034567439262,227.4352106547018,337.2370965505799,158.32442067248695,153.60672886615652
42,0.0,0.0,0.0,0.0,0.0,0.0,126.67707894741177,320.0167018368793,91.62454483555346,538.3183256198445,718.6907155628921,-180.37238994304766,8.394637670191308,85.6130715581574,158.5606479087676,126.84851832701409,31.712129581753523,15.856064790876761,319.4180958057299,159.70904790286488,-0.07077276887753214,90.81710488743472,90.97408426188088,90.97408426188088,336.85968614408347,3151.561044498098,3.9345004681834994,158.3463486842647,3970.701116646904,2.1115087963732098,152.70757472592246,90.97408426188088,1.7972898977305847,227.0427622185868,874.956371772858,90.97408426188088,5.067258581990692,26.66648594304621,109.2752772835412,874.956371772858,227.0427622185864,336.85968614408347,158.3463486842647,152.70757472592246
43,0.0,0.0,0.0,0.0,0.0,0.0,126.81423045109364,319.44802610728726,91.23426849134992,537.4965250497308,717.5247752107456,-180.02825016101474,8.3870211187651,85.55180260669161,158.73030615491714,126.98424492393372,31.74606123098343,15.873030615491714,318.8999000936647,159.44995004683233,0.07563125278250027,90.80014046780109,90.81710488743471,90.81710488743471,336.261080112934,3224.9428698476204,3.9346670924481337,158.51778806386704,4065.6271759138235,2.1130991069324376,152.05711415224988,90.81710488743471,1.7891327281905418,226.97198944970927,873.8079717787608,90.81710488743471,5.073940733080563,26.618174650477485,111.38210964757477,873.8079717787608,226.97198944970887,336.261080112934,158.51778806386704,152.05711415224988
44,0.0,0.0,0.0,0.0,0.0,0.0,126.95024202936571,318.9273063943458,90.9839703290008,536.8615187527123,716.3711060009081,-179.50958724819577,8.380004069592566,85.48577065735695,158.98623572542922,127.18898858034339,31.797247145085848,15.898623572542922,318.3871582226258,159.1935791113129,0.277888096058291,90.86073149540546,90.8001404678011,90.8001404678011,335.7129540993114,3298.3678781731483,3.9307052450323576,158.68780253670712,4160.547806116866,2.1162390065446814,151.63995054833467,90.8001404678011,1.7820744373088933,227.04762070249177,873.0883278868457,90.8001404678011,5.079369796957349,26.57499167447206,113.48642825543229,873.0883278868457,227.04762070249126,335.7129540993114,158.68780253670712,151.63995054833467
45,0.0,0.0,0.0,0.0,0.0,0.0,127.14123927014785,318.4141656312118,90.87367241228097,536.4290773136406,715.2918265052942,-178.86274919165362,8.374072261719196,85.41744137737413,159.30580376867312,127.44464301493849,31.861160753734623,15.930580376867312,317.9074784467974,158.9537392233987,0.5682889017734851,91.01544685468606,90.86073149540545,90.86073149540545,335.1728059275914,3371.8356149879296,3.9273000894491923,158.9265490876848,4255.4602465736525,2.1199170031072185,151.45612068713496,90.86073149540545,1.7771469078143827,227.32550879855006,872.880984500962,90.86073149540545,5.087559543213735,26.532263185218824,115.58630506379264,872.880984500962,227.32550879854966,335.1728059275914,158.9265490876848,151.45612068713496
46,0.0,0.0,0.0,0.0,0.0,0.0,127.38396226598036,317.93281280601815,90.86590786215565,536.1826829341542,714.6072847853691,-178.4246018512149,8.369436961851626,85.382958022456,159.52251546629196,127.61801237303358,31.904503093258395,15.952251546629196,317.6032376823863,158.8016188411931,0.6668826491470554,91.25755147750148,91.01544685468605,91.01544685468605,334.66611874317704,3445.3433251173633,3.924106792293738,159.22995283247545,4350.362460853055,2.124444402048762,151.44317977025943,91.01544685468605,1.774736010523052,227.89379770032355,873.2330490462364,91.01544685468605,5.09778572059754,26.492289870566452,117.68028898917666,873.2330490462364,227.89379770032315,334.66611874317704,159.22995283247545,151.44317977025943
47,0.0,0.0,0.0,0.0,0.0,0.0,127.57120235162293,317.6197164385679,90.9556312576739,536.1465500478647,714.4625400768487,-178.31599002898395,8.36665003621074,85.39409883103336,159.57626663654784,127.66101330923829,31.91525332730957,15.957626663654784,317.53890670082166,158.7694533504108,0.49589184644025863,91.49865591675429,91.25755147750147,91.25755147750147,334.3365436195451,3518.876388643831,3.919815064196971,159.46400293952865,4445.2577403581345,2.129246522221886,151.59271876278984,91.25755147750147,1.774110378528799,228.5606803494706,873.9539456713352,91.25755147750147,5.104720494921344,26.466936473532186,119.76998705051916,873.9539456713352,228.5606803494702,334.3365436195451,159.46400293952865,151.59271876278984
48,0.0,0.0,0.0,0.0,0.0,0.0,127.64305111771522,317.54294718770893,91.13678338957044,536.3227816949945,714.7194109248907,-178.39662922989612,8.366151290100461,85.42989316612135,159.5363577371422,127.62908618971376,31.90727154742844,15.95363577371422,317.65307152217366,158.8265357610868,0.2517900424082882,91.6603973847256,91.49865591675427,91.49865591675427,334.2557338817989,3592.414813085429,3.9154481956618397,159.553813897144,4540.151299825765,2.132685176504415,151.8946389826174,91.49865591675427,1.7747719822894472,229.05657219591086,874.7607589574721,91.49865591675427,5.106440532369532,26.461575558401805,121.85814059356214,874.7607589574721,229.05657219591058,334.2557338817989,159.553813897144,151.8946389826174
49,0.0,0.0,0.0,0.0,0.0,0.0,127.63187917531405,317.6475653054504,91.35390690588075,536.6333513866452,715.1590768069761,-178.5257254203309,8.36767674312021,85.46686239940736,159.47248116042147,127.57798492833717,31.894496232084293,15.947248116042147,317.8484785808783,158.92423929043912,0.09473236268649998,91.73755474973065,91.6603973847256,91.6603973847256,334.36585821626363,3665.9437237919146,3.9127728111558975,159.53984896914255,4635.046136378176,2.1339318638611244,152.25651150980124,91.6603973847256,1.776710822181482,229.30836223831915,875.4705809335275,91.6603973847256,5.1051634475885495,26.471089293514467,123.9463631421143,875.4705809335275,229.30836223831886,334.36585821626363,159.53984896914255,152.25651150980124
50,0.0,0.0,0.0,0.0,0.0,0.0,127.58876377773254,317.83843291710684,91.53780119318765,536.964997888027,715.6521313766991,-178.6871334886721,8.370337764868925,85.49859652980274,159.39264101376313,127.5141128110105,31.878528202752626,15.939264101376313,318.0676139451996,159.0338069725998,0.0045504232497251,91.76192040388972,91.73755474973066,91.73755474973066,334.56677149169144,3739.4563505768415,3.912255307974535,159.48595472216567,4729.943016981042,2.133528859602518,152.56300198864608,91.73755474973066,1.7795653470964958,229.40309460100565,876.0188228035097,91.73755474973066,5.103119397133486,26.48737321507319,126.03519289914968,876.0188228035097,229.40309460100536,334.56677149169144,159.48595472216567,152.56300198864608
51,0.0,0.0,0.0,0.0,0.0,0.0,127.52904300435495,318.056154893795,91.65765332711345,537.2428512252634,716.1457888166233,-178.9029375913599,8.373225311356727,85.5280685980472,159.28593618193958,127.42874894555166,31.857187236387915,15.928593618193958,318.2870172518326,159.14350862591627,-0.09240781998721559,91.76305800970215,91.76192040388972,91.76192040388972,334.79595251978424,3812.9507160814082,3.913082359257102,159.41130375544367,4824.842452468602,2.1323493966329194,152.7627555451891,91.76192040388972,1.7824612709752972,229.40764502425537,876.377656844673,91.76192040388972,5.10056451244042,26.5056344954333,128.12513519927137,876.377656844673,229.4076450242551,334.79595251978424,159.41130375544367,152.7627555451891
52,0.0,0.0,0.0,0.0,0.0,0.0,127.44880775731231,318.27547413393074,91.72021357317921,537.4444954644223,716.566136289252,-179.12164082482968,8.375804582061651,85.55191674647139,159.1778471514197,127.34227772113577,31.835569430283943,15.917784715141972,318.4738383507787,159.23691917538932,-0.19375064116400154,91.72609488170727,91.76305800970215,91.76305800970215,335.02681487782183,3886.426797977089,3.9143883312718293,159.31100969664038,4919.74530251078,2.1307830707822557,152.86702262196536,91.76305800970215,1.7846520302872075,229.31523720426816,876.5200844006962,91.76305800970215,5.097149957822066,26.523918104319378,130.21688052362964,876.5200844006962,229.31523720426787,335.02681487782183,159.31100969664038,152.86702262196536
53,0.0,0.0,0.0,0.0,0.0,0.0,127.36358372837108,318.4639201399363,91.74592023509298,537.5734241034004,716.8438759484455,-179.27045184504516,8.37779916243921,85.5647004719716,159.10432911449064,127.28346329159251,31.820865822898128,15.910432911449064,318.59727819930913,159.29863909965457,-0.22772225437245197,91.64859462524167,91.72609488170727,91.72609488170727,335.2251790946698,3959.8873114478574,3.91598058940351,159.20447966046385,5014.651611401934,2.128959670885817,152.90986705848832,91.72609488170727,1.7859608545369277,229.12148656310416,876.4610123767267,91.72609488170727,5.093691108845431,26.539486529231553,132.31059914077818,876.4610123767267,229.12148656310387,335.2251790946698,159.20447966046385,152.90986705848832
54,0.0,0.0,0.0,0.0,0.0,0.0,127.29948737894823,318.59061029634046,91.73402502306155,537.6241226983502,717.0121862802537,-179.38806358190345,8.379091499494425,85.5715904669995,159.04624092098652,127.23699273678922,31.809248184197305,15.904624092098652,318.67208279122383,159.33604139561191,-0.22334792952983662,91.55750572349268,91.64859462524166,91.64859462524166,335.3585371540426,4033.337538264582,3.917706759916278,159.12435922368527,5109.560272870271,2.127194061234032,152.8900417051026,91.64859462524166,1.7866246433529755,228.8937643087317,876.2667023915628,91.64859462524166,5.091338531663701,26.54977318327576,134.4057441112648,876.2667023915628,228.89376430873142,335.3585371540426,159.12435922368527,152.8900417051026
55,0.0,0.0,0.0,0.0,0.0,0.0,127.24949166522102,318.66800916647964,91.68276678436962,537.6002676160703,717.0391886182542,-179.43892100218397,8.379717155598943,85.56842376704344,159.02112699553646,127.21690159642918,31.804225399107295,15.902112699553646,318.6840838303352,159.3420419151676,-0.17913845381781357,91.46816655168075,91.55750572349268,91.55750572349268,335.4400096489259,4106.781531365313,3.9189739069666607,159.06186458152627,5204.470793160799,2.1257954900888065,152.8046113072827,91.55750572349268,1.7866648160726,228.67041637920187,875.9769019169374,91.55750572349268,5.089479709471569,26.556006899268652,136.50209481133837,875.9769019169374,228.67041637920158,335.4400096489259,159.06186458152627,152.8046113072827
56,0.0,0.0,0.0,0.0,0.0,0.0,127.22341961018756,318.68328009714236,91.60761014784346,537.5143098551735,716.9110840703428,-179.39677421516933,8.379634246203414,85.55398278810985,159.04193932861256,127.23355146289005,31.808387865722512,15.904193932861256,318.6271484757079,159.31357423785394,-0.08619154434654774,91.39651117015363,91.46816655168075,91.46816655168075,335.45608431278146,4180.224524379451,3.920079573743854,159.02927451273445,5299.382117096942,2.1248466953372267,152.67935024640576,91.46816655168075,1.786121525914806,228.49127792538405,875.6559869973064,91.46816655168075,5.088676063857167,26.557006985861264,138.59911744074543,875.6559869973064,228.49127792538366,335.45608431278146,159.02927451273445,152.67935024640576
57,0.0,0.0,0.0,0.0,0.0,0.0,127.23152509234954,318.62995505677964,91.52394399014582,537.3854241392751,716.6948248083871,-179.30940066911205,8.378886816292127,85.53580451938161,159.08509078005062,127.2680726240405,31.817018156010125,15.908509078005062,318.53103324817204,159.26551662408602,0.009381252873367885,91.36344174034602,91.39651117015362,91.39651117015362,335.399952691347,4253.672262006476,3.920941961836616,159.03940636543692,5394.292775038427,2.12450832757168,152.53990665024304,91.39651117015362,1.7852065945351285,228.4050863810375,875.3843520880652,91.39651117015362,5.089342058515602,26.55226237297566,140.6960014006597,875.3843520880652,228.4050863810371,335.399952691347,159.03940636543692,152.53990665024304
58,0.0,0.0,0.0,0.0,0.0,0.0,127.26076311770231,318.5359793386024,91.4474842981505,537.2442267544552,716.4737956729633,-179.2295689185081,8.377717696993045,85.52135815344103,159.1245244715082,127.29961957720657,31.824904894301643,15.912452447150821,318.4327980768726,159.2163990384363,0.05649279310193833,91.37426097252965,91.36344174034602,91.36344174034602,335.3010308827394,4327.128009235795,3.921153290137772,159.07595389712787,5489.202052133465,2.1248176107732526,152.41247383025083,91.36344174034602,1.784090040028961,228.41446763391087,875.2039262440297,91.36344174034602,5.090722904961619,26.544252770681,142.79230951018923,875.2039262440297,228.4144676339107,335.3010308827394,159.07595389712787,152.41247383025083
59,0.0,0.0,0.0,0.0,0.0,0.0,127.2918482853057,318.4379571399591,91.39705876346781,537.1268641887326,716.2884707034281,-179.16160651469545,8.376468206821846,85.51199061677073,159.1581003944633,127.32648031557065,31.831620078892662,15.915810039446331,318.3504314237458,159.1752157118729,0.058576159476842804,91.39717059472665,91.37426097252964,91.37426097252964,335.1978496210096,4400.591942729388,3.920694249055632,159.11481035663212,5584.110067350377,2.1255035398533586,152.32843127244635,91.37426097252964,1.7829301230354335,228.4709604270128,875.1120516771016,91.37426097252964,5.091984783088262,26.536066506406044,144.8880382589883,875.1120516771016,228.47096042701264,335.1978496210096,159.11481035663212,152.32843127244635
60,0.0,0.0,0.0,0.0,0.0,0.0,127.31955390951762,318.3548077095565,91.3833800889049,537.0577417079791,716.1469993587468,-179.08925765076776,8.375426158196712,85.50573855371896,159.19384865822474,127.3550789265798,31.83876973164495,15.919384865822474,318.28755527055415,159.14377763527708,0.06800793906620584,91.4220158254558,91.39717059472665,91.39717059472665,335.1103239047963,4474.062740110743,3.9199330200838824,159.14944238689702,5679.017008137755,2.126235848337311,152.30563348150818,91.39717059472665,1.7819936039955553,228.52953658648966,875.0949363596922,91.39717059472665,5.093059212622825,26.529202618645485,146.98320181701635,875.0949363596922,228.52953658648948,335.1103239047963,159.14944238689702,152.30563348150818
61,0.0,0.0,0.0,0.0,0.0,0.0,127.34797392316734,318.29091789250424,91.39165439239794,537.0305462080695,716.0575427987546,-179.02699659068514,8.374747662109591,85.50198426138375,159.2246167906872,127.37969343254977,31.844923358137443,15.922461679068721,318.24779679944646,159.12389839972323,0.08175854158150742,91.45128159145958,91.42201582545582,91.42201582545582,335.04307146579396,4547.5387771715305,3.9191948023136542,159.18496740395918,5773.922804980692,2.1268884048139753,152.3194239873299,91.42201582545582,1.7815371733940397,228.59754452555586,875.1450073826397,91.42201582545582,5.094203157063192,26.52396293921285,149.07767244179502,875.1450073826397,228.5975445255557,335.04307146579396,159.18496740395918,152.3194239873299
62,0.0,0.0,0.0,0.0,0.0,0.0,127.3733495306733,318.2499528540994,91.40987125223266,537.0331736370053,716.0299490726911,-178.99677543568578,8.37441302485072,85.50210587272234,159.23955291255345,127.39164233004277,31.847910582510693,15.923955291255345,318.23553292119607,159.117766460598,0.0765032462624049,91.48319671379431,91.45128159145958,91.45128159145958,334.9999503727362,4621.018127438243,3.918574140729747,159.21668691334162,5868.82761724339,2.127481942890534,152.34978542038778,91.45128159145958,1.7814983015012396,228.67930306713737,875.2457257736037,91.45128159145958,5.09518773730199,26.5206497332872,151.1715068497006,875.2457257736037,228.6793030671372,334.9999503727362,159.21668691334162,152.34978542038778
63,0.0,0.0,0.0,0.0,0.0,0.0,127.38798377016889,318.2362539178412,91.4347174557688,537.0589551437789,716.0577166652013,-178.99876152142235,8.374372819382781,85.50583215113858,159.23857130553796,127.39085704443038,31.847714261107594,15.923857130553795,318.24787407342285,159.12393703671137,0.05166158095789797,91.5100717625036,91.48319671379431,91.48319671379431,334.98553043983287,4694.49849969481,3.9180587014467227,159.2349797127111,5963.731951550188,2.1279546693097107,152.39119575961467,91.48319671379431,1.7816942898905452,228.75580631339977,875.367512225559,91.48319671379431,5.095665693201711,26.519627743433006,153.2649848244085,875.367512225559,228.7558063133996,334.98553043983287,159.2349797127111,152.39119575961467
64,0.0,0.0,0.0,0.0,0.0,0.0,127.39028238957809,318.2472930656437,91.46380501058411,537.101380465806,716.1181256511726,-179.01674518536663,8.374575936703447,85.51097166754738,159.22968320954413,127.38374656763531,31.84593664190883,15.922968320954414,318.27472251163226,159.13736125581613,0.0251615777627876,91.52676139440749,91.5100717625036,91.5100717625036,334.99715059541444,4767.977843522024,3.9177105113711375,159.2378529869726,6058.6363172684105,2.1282027158367827,152.43967501764018,91.5100717625036,1.782016673960281,228.80746789435767,875.4821464943857,91.5100717625036,5.0956342817772144,26.520656172785237,155.35839479444454,875.4821464943857,228.8074678943575,334.99715059541444,159.2378529869726,152.43967501764018
65,0.0,0.0,0.0,0.0,0.0,0.0,127.38505373202383,318.2733510393329,91.4915650617358,537.1499698330925,716.2006746810234,-179.0507048479309,8.374939625494953,85.51711495337454,159.2129001844436,127.37032014755489,31.842580036888723,15.921290018444362,318.31141096934374,159.15570548467187,-0.001327978441850064,91.53305178884818,91.52676139440749,91.52676139440749,335.02458004140306,4841.454949979388,3.9175985041432475,159.2313171650298,6153.5409674057055,2.1282144674735255,152.48594176955967,91.52676139440749,1.7824215181462402,228.83262947212046,875.5744684481137,91.52676139440749,5.095349862705413,26.522893542636027,157.4518892512887,875.5744684481137,228.8326294721203,335.02458004140306,159.2313171650298,152.48594176955967
66,0.0,0.0,0.0,0.0,0.0,0.0,127.37326686444868,318.3095079728431,91.51268286133882,537.1954576986307,716.2869726160318,-179.09151491740113,8.37538285779733,85.52289307576925,159.19273323914888,127.3541865913191,31.838546647829777,15.919273323914888,318.3497656071252,159.1748828035626,-0.02369585307565103,91.53252059747145,91.53305178884818,91.53305178884818,335.06263997141383,4914.928999065276,3.9176302580248823,159.21658358056084,6248.446154599803,2.1280498320056234,152.52113810223136,91.53305178884818,1.7828312319695687,228.8313014936786,875.6316631478855,91.53305178884818,5.094812805902197,26.525950914111974,159.5456304274913,875.6316631478855,228.83130149367844,335.06263997141383,159.21658358056084,152.52113810223136
67,0.0,0.0,0.0,0.0,0.0,0.0,127.358002645945,318.3477527254111,91.52490421784444,537.2306595892005,716.354829875773,-179.1241702865725,8.37581577945204,85.52657421539399,159.17659731361107,127.34127785088886,31.835319462722214,15.917659731361107,318.37992438923243,159.18996219461621,-0.036428129397336306,91.52304225624118,91.53252059747143,91.53252059747143,335.10289760569594,4988.399851931349,3.91780317065943,159.19750330743125,6343.3519871361505,2.1277619803622345,152.54150702974073,91.53252059747143,1.7831697608239179,228.80760564060296,875.649513583472,91.53252059747143,5.094167463652764,26.529147133927097,161.63970732873378,875.649513583472,228.8076056406028,335.10289760569594,159.19750330743125,152.54150702974073
68,0.0,0.0,0.0,0.0,0.0,0.0,127.34462280990006,318.37831580604137,91.52947404562063,537.2524126615621,716.3960078158751,-179.14359515431306,8.37615290744085,85.52804798721782,159.16699947153845,127.33359957723076,31.83339989430769,15.916699947153845,318.3982256959445,159.19911284797226,-0.034568244288266214,91.50847100448226,91.52304225624118,91.52304225624118,335.13506926951726,5061.86819156558,3.9180987895447754,159.18077851237507,6438.258336022115,2.127433048651662,152.54912340936772,91.52304225624118,1.7834020124413215,228.77117751120562,875.6361487024668,91.52304225624118,5.093651114035555,26.53166036576937,163.73407591451928,875.6361487024668,228.77117751120545,335.13506926951726,159.18077851237507,152.54912340936772
69,0.0,0.0,0.0,0.0,0.0,0.0,127.33580422376463,318.39723020144936,91.52561497199295,537.2586493972069,716.4151215658889,-179.15647216868194,8.37635970856402,85.52821828239102,159.16063714470994,127.32850971576795,31.832127428941988,15.916063714470994,318.4067206959506,159.2033603479753,-0.027775222259151633,91.49464370676695,91.50847100448226,91.50847100448226,335.1549791594204,5135.335006090918,3.918406777162381,159.16975527970578,6533.1649920390255,2.127152271726013,152.54269161998826,91.50847100448226,1.783529903881951,228.73660926691736,875.6040353260329,91.50847100448226,5.093343983089231,26.533185474662048,165.82863552823906,875.6040353260329,228.73660926691718,335.1549791594204,159.16975527970578,152.54269161998826
70,0.0,0.0,0.0,0.0,0.0,0.0,127.32996861736729,318.4062461712255,91.51532859148654,537.2515433800793,716.4162631034999,-179.1647197234206,8.376433595639169,85.52760013240854,159.1565622502554,127.32524980020433,31.831312450051083,15.91565622502554,318.40722804599994,159.20361402299994,-0.02262994563659504,91.48353361786329,91.49464370676696,91.49464370676696,335.1644696539216,5208.801112699589,3.918635912684151,159.1624607717091,6628.071851650395,2.126961966727163,152.52554765247757,91.49464370676696,1.7835338091727104,228.7088340446582,875.5613121227676,91.49464370676696,5.093140388630718,26.533893391329215,167.92334153014775,875.5613121227676,228.70883404465803,335.1644696539216,159.1624607717091,152.52554765247757
71,0.0,0.0,0.0,0.0,0.0,0.0,127.32619356363693,318.4071789522612,91.5029176606548,537.2362901765529,716.3994842199137,-179.16319404336082,8.376395196745518,85.52598909113749,159.1573160423204,127.32585283385632,31.83146320846408,15.91573160423204,318.39977076440607,159.19988538220304,-0.01543637945530918,91.47448163960865,91.48353361786329,91.48353361786329,335.165451528696,5282.267177029089,3.918779691264257,159.15774195454617,6722.978841658387,2.126847404953245,152.504862767758,91.48353361786329,1.7834228358654762,228.6862040990216,875.514260350023,91.48353361786329,5.093009992008175,26.5339356705,170.01815910302537,875.514260350023,228.68620409902144,335.165451528696,159.15774195454617,152.504862767758
72,0.0,0.0,0.0,0.0,0.0,0.0,127.32592097981242,318.4001411737989,91.49128723497988,537.2173493885912,716.3691988831486,-179.15184949455738,8.376274360573166,85.52360727999474,159.16292111425142,127.33033689140115,31.832584222850286,15.916292111425141,318.3863106147327,159.19315530736634,-0.004013950266312349,91.46830708782653,91.47448163960865,91.47448163960865,335.15804334084095,5355.733862798722,3.9188679133706046,159.15740122476552,6817.885807545033,2.1267969407073397,152.48547872496647,91.47448163960865,1.7832534891842065,228.6707677195663,875.4716910101404,91.47448163960865,5.0930341133542525,26.533314230367168,172.1129982969041,875.4716910101404,228.67076771956613,335.15804334084095,159.15740122476552,152.48547872496647
73,0.0,0.0,0.0,0.0,0.0,0.0,127.3294537090834,318.38700214268596,91.48120387775714,537.1976597295265,716.3347145739126,-179.13705484438606,8.376105428804156,85.52121515932049,159.17023099996598,127.33618479997278,31.834046199993196,15.917023099996598,318.37098425507224,159.18549212753612,0.006922459084876209,91.46773987658274,91.46830708782653,91.46830708782653,335.1442127817747,5429.201670247494,3.9188937166412234,159.16181713635424,6912.792594069377,2.1268200753122892,152.46867312959523,91.46830708782653,1.7830795557020316,228.6667537693,875.4414568170255,91.46830708782653,5.093213475656046,26.532192551227723,174.20776318337613,875.4414568170255,228.66675376929982,335.1442127817747,159.16181713635424,152.46867312959523
74,0.0,0.0,0.0,0.0,0.0,0.0,127.33483858179488,318.37178514945293,91.47346580379877,537.1800895350466,716.3039614364053,-179.1238719013587,8.375923812275133,85.5193979184294,159.17674474902847,127.34139579922278,31.835348949805695,15.917674474902848,318.3573161939579,159.17865809697895,0.011724317332664214,91.47122913895384,91.46773987658275,91.46773987658275,335.128194894161,5502.670754892904,3.9188455069856376,159.1685482272436,7007.699146677378,2.126909966725875,152.45577633966462,91.46773987658275,1.7829220004118598,228.67367622838486,875.4261956894553,91.46773987658275,5.093447391998912,26.530915354589354,176.30241366876348,875.4261956894553,228.67367622838458,335.128194894161,159.1685482272436,152.45577633966462
75,0.0,0.0,0.0,0.0,0.0,0.0,127.34008435573719,318.3580396417327,91.47003024746915,537.168154244939,716.2801391291731,-179.11198488423406,8.375761775776944,85.51820817071057,159.18261833015467,127.34609466412374,31.836523666030935,15.918261833015467,318.3467285018547,159.17336425092736,0.013356019234151972,91.47616362117213,91.47122913895384,91.47122913895384,335.11372593866605,5576.140978543408,3.918744269969545,159.1751054446715,7102.605490845409,2.1270315383841827,152.4500504124486,91.47122913895384,1.78279122537228,228.68540054571753,875.4242823415047,91.47122913895384,5.0936558319689125,26.529776349496487,178.39695451284442,875.4242823415047,228.68540054571702,335.11372593866605,159.1751054446715,152.4500504124486
76,0.0,0.0,0.0,0.0,0.0,0.0,127.34489260244646,318.3472940588487,91.47074958235999,537.1629362436552,716.2665122947432,-179.103576051088,8.375645840082335,85.51776495455329,159.18677336887228,127.34941869509782,31.837354673774456,15.918677336887228,318.34067213099695,159.17033606549847,0.013119099761979669,91.48147049094497,91.47616362117213,91.47616362117213,335.1024147987881,5649.612084501587,3.9186302685988568,159.18111575305807,7197.511647058844,2.1271500656114286,152.4512493039333,91.47616362117213,1.782713622783843,228.69875656495168,875.433536420732,91.47616362117213,5.093843786564951,26.528894041821232,180.49138549678986,875.433536420732,228.69875656495117,335.1024147987881,159.18111575305807,152.4512493039333
77,0.0,0.0,0.0,0.0,0.0,0.0,127.34851347656755,318.34100322738954,91.47399800564727,537.1635147096044,716.2638303531187,-179.10031564351425,8.375588730882455,85.51802785064075,159.18838444682825,127.35070755746261,31.837676889365653,15.918838444682825,318.33948015694165,159.16974007847082,0.010500872612624335,91.48632539677736,91.48147049094496,91.48147049094496,335.09579287093635,5723.0836951573365,3.9185182090484267,159.18564184570943,7292.41767031104,2.127249566208018,152.45666334274546,91.48147049094496,1.782696536715865,228.71187566471366,875.4499737241058,91.48147049094496,5.0939767478039135,26.528389344249746,182.58572900712682,875.4499737241058,228.71187566471315,335.09579287093635,159.18564184570943,152.45666334274546
78,0.0,0.0,0.0,0.0,0.0,0.0,127.3502687412836,318.33955631046405,91.47848149682588,537.1683065485736,716.2691345630664,-179.10082801449278,8.375586679732663,85.51868208782345,159.18813126622052,127.35050501297643,31.837626253244107,15.918813126622052,318.34183758358506,159.17091879179253,0.006851029662698238,91.48997826937992,91.48632539677737,91.48632539677737,335.09426980048846,5796.555405144258,3.918427600778812,159.1878359266045,7387.323642008741,2.127317179118937,152.46413582804314,91.48632539677737,1.782724399378771,228.72237653732628,875.4686180924632,91.48632539677737,5.094028302298505,26.528290013078475,184.6800279537339,875.4686180924632,228.72237653732577,335.09426980048846,159.1878359266045,152.46413582804314
79,0.0,0.0,0.0,0.0,0.0,0.0,127.35045775863784,318.3417235199289,91.48318783679677,537.1753691153635,716.2786438706732,-179.1032747553097,8.375624711355972,85.51942912383801,159.18692224887187,127.3495377990975,31.837384449774376,15.918692224887186,318.3460639425215,159.1730319712607,0.0036793819757576784,91.49224293409196,91.48997826937992,91.48997826937992,335.0965510736094,5870.026918678959,3.9183776730807947,159.1880721982973,7482.229621808222,2.127346595645195,152.47197972799464,91.48997826937992,1.7827797884505245,228.72922756698898,875.4858305668913,91.48997826937992,5.094020200519057,26.528486465298755,186.7743168698162,875.4858305668913,228.72922756698858,335.0965510736094,159.1880721982973,152.47197972799464
80,0.0,0.0,0.0,0.0,0.0,0.0,127.3497217910056,318.3458469213919,91.48726209634665,537.1828308087441,716.2904721675463,-179.1076413588022,8.37568414678958,85.5202344804397,159.1847645779132,127.34781166233057,31.836952915582643,15.91847645779132,318.3513209633539,159.17566048167694,0.0005593452041239289,91.49324668136651,91.49224293409196,91.49224293409196,335.10089149620205,5943.498080017082,3.9183680017246036,159.187152238757,7577.135640296258,2.1273446226778123,152.47877016057777,91.49224293409196,1.782847632445426,228.73290694896474,875.4997208445026,91.49224293409196,5.093981511963901,26.52883866187679,188.86861610205216,875.4997208445026,228.73290694896434,335.10089149620205,159.187152238757,152.47877016057777
81,0.0,0.0,0.0,0.0,0.0,0.0,127.34819368806558,318.35104726125587,91.49025059899384,537.1894915483153,716.3031632149923,-179.11367166667696,8.375750502060997,85.52107217600782,159.18178485279455,127.34542788223564,31.83635697055891,15.918178485279455,318.3569614288854,159.1784807144427,-0.002840305820427602,91.49338651766755,91.49324668136651,91.49324668136651,335.1063655381641,6016.968803270136,3.9183806788140134,159.18524211008196,7672.0417278297655,2.1273214015596436,152.48375099832307,91.49324668136651,1.78291233706887,228.73346629416886,875.5088249407388,91.49324668136651,5.093912466493223,26.529276746946152,190.96294667126696,875.5088249407388,228.73346629416847,335.1063655381641,159.18524211008196,152.48375099832307
82,0.0,0.0,0.0,0.0,0.0,0.0,127.34598104340162,318.35666572050394,91.49204824841745,537.194695012323,716.3141741797056,-179.11947916738256,8.375813996321048,85.52173848348781,159.17891525791515,127.34313220633213,31.835783051583032,15.917891525791514,318.36185519098024,159.18092759549012,-0.005691240231840311,91.49225039533938,91.49338651766755,91.49338651766755,335.11227970579364,6090.439056484395,3.9184056581269497,159.18247630425202,7766.947910714476,2.127281980877787,152.48674708069575,91.49338651766755,1.7829626849153986,228.73062598834844,875.5121290790908,91.49338651766755,5.093817115289425,26.529746785740457,193.05732723864398,875.5121290790908,228.73062598834804,335.11227970579364,159.18247630425202,152.48674708069575
83,0.0,0.0,0.0,0.0,0.0,0.0,127.34370197374604,318.3615957174564,91.4928512099675,537.1981489011699,716.3213715443543,-179.12322264318436,8.375865789704822,85.52206894537628,159.17706555495585,127.34165244396468,31.83541311099117,15.917706555495585,318.36505401971306,159.18252700985647,-0.00626941274776982,91.48997389924665,91.4922503953394,91.4922503953394,335.11746917626994,6163.908901885147,3.918443601138132,159.17962746718254,7861.854185426223,2.127232680768138,152.48808534994583,91.4922503953394,1.782995508959624,228.7249347481166,875.5101167415157,91.4922503953394,5.093725288253286,26.53015459924835,195.151759395235,875.5101167415157,228.72493474811608,335.11746917626994,159.17962746718254,152.48808534994583
84,0.0,0.0,0.0,0.0,0.0,0.0,127.34206234992094,318.36488110460033,91.49249072119063,537.1994341757119,716.3244470940997,-179.12501291838782,8.375899945268369,85.52208739059242,159.17618096045817,127.34094476836654,31.835236192091635,15.917618096045818,318.366420930711,159.18321046535547,-0.004934927509566478,91.48746613414754,91.48997389924665,91.48997389924665,335.12092747852665,6237.378480716838,3.918488760161474,159.17757793740117,7956.760519328464,2.127185488066173,152.48748453531772,91.48997389924665,1.783013893711796,228.71866533536883,875.504655286615,91.48997389924665,5.093666097758587,26.530421168309417,197.24622723087157,875.504655286615,228.7186653353683,335.12092747852665,159.17757793740117,152.48748453531772
85,0.0,0.0,0.0,0.0,0.0,0.0,127.34116828467745,318.3663439394055,91.49098062802425,537.1984928521072,716.3241933892431,-179.1257005371359,8.37591344918616,85.52191921931144,159.17584120142172,127.34067296113739,31.835168240284347,15.917584120142171,318.366308172997,159.18315408649843,-0.003267301251526078,91.4854921631437,91.48746613414755,91.48746613414755,335.1224673046374,6310.847945639279,3.9185286308942855,159.1764603558468,8051.66688153773,2.1271518371738303,152.48496771337375,91.48746613414755,1.783016801723069,228.71373040785926,875.4976257817178,91.48746613414755,5.093637790734662,26.53053507755925,199.34071554826141,875.4976257817178,228.71373040785875,335.1224673046374,159.1764603558468,152.48496771337375
86,0.0,0.0,0.0,0.0,0.0,0.0,127.34077202584541,318.36630996131737,91.48887193169823,537.195953918861,716.3211436813133,-179.12518976245224,8.375907553963273,85.5216153075099,159.1760935800583,127.34087486404665,31.835218716011664,15.91760935800583,318.3649527472504,159.18247637362515,-0.0017486491466343068,91.4841852426431,91.4854921631437,91.4854921631437,335.12243153822885,6384.317419958195,3.918555049396361,159.17596503230675,8146.573254619284,2.1271342156619486,152.48145321949704,91.4854921631437,1.7830024112350138,228.71046310660773,875.4903128966412,91.4854921631437,5.093626918445495,26.530525681083077,201.43521602454035,875.4903128966412,228.71046310660722,335.12243153822885,159.17596503230675,152.48145321949704
87,0.0,0.0,0.0,0.0,0.0,0.0,127.3408542964064,318.3650206079538,91.48684407056551,537.1927189749257,716.3163377763468,-179.12361880142112,8.375886925758934,85.5212521522241,159.1768698085651,127.34149584685208,31.83537396171302,15.91768698085651,318.3628167894875,159.18140839474373,-0.00031749023548854893,91.48348578298445,91.4841852426431,91.4841852426431,335.1210743241619,6457.787007229258,3.9185692018457243,159.176067870508,8241.479619624723,2.1271295870817792,152.47807345094253,91.4841852426431,1.7829757998117421,228.7087144574611,875.4839301030743,91.4841852426431,5.093634994561866,26.530412728937534,203.52971797142678,875.4839301030743,228.7087144574606,335.1210743241619,159.176067870508,152.47807345094253
88,0.0,0.0,0.0,0.0,0.0,0.0,127.34136753676295,318.3629269804108,91.48524877381207,537.1895432909859,716.3111561891285,-179.12161289814264,8.37585880342625,85.52092066023276,159.17786095037246,127.34228876029798,31.835572190074494,15.917786095037247,318.3605138618349,159.18025693091744,0.0008589053235255051,91.48348762268878,91.48348578298445,91.48348578298445,335.1188705056956,6531.256772496801,3.918570640789991,159.17670942095367,8336.385959790849,2.12713548330406,152.47541462302013,91.48348578298445,1.7829459861270922,228.7083969672256,875.4793915168956,91.48348578298445,5.093659833874082,26.530234732457288,205.62421044310608,875.4793915168956,228.7083969672252,335.1188705056956,159.17670942095367,152.47541462302013
89,0.0,0.0,0.0,0.0,0.0,0.0,127.34210451559093,318.36063451776363,91.4841909793155,537.18693001267,716.306534546997,-179.11960453432698,8.375830269231706,85.52066022377767,159.1788533121456,127.3430826497165,31.835770662429123,15.91788533121456,318.3584597986653,159.17922989933265,0.0015233544123702814,91.48393085218152,91.48348762268878,91.48348762268878,335.1164573871196,6604.7267296749815,3.9185606613782293,159.17763064448866,8431.292268240437,2.1271490250889866,152.4736516321925,91.48348762268878,1.7829195533103759,228.70925587254914,875.4769955363506,91.48348762268878,5.093691550411919,26.530042821819578,207.71868757823628,875.4769955363506,228.70925587254874,335.1164573871196,159.17763064448866,152.4736516321925
90,0.0,0.0,0.0,0.0,0.0,0.0,127.34288702289139,318.3585685346203,91.48376896533946,537.1852245228512,716.30290352547,-179.11767900261884,8.375806073233832,85.52047376246274,159.17980474930047,127.34384379944038,31.835960949860095,15.917980474930047,318.35684601132004,159.17842300566,0.001985603549769621,91.48460953131708,91.48393085218152,91.48393085218152,335.11428266802136,6678.196858025092,3.9185446930049452,159.17860877861423,8526.198544934448,2.127166239661518,152.47294827556578,91.48393085218152,1.782899868994659,228.7107792269615,875.4766189491635,91.48393085218152,5.09372330598866,26.529871649888776,209.81314760772662,875.4766189491635,228.7107792269611,335.11428266802136,159.17860877861423,152.47294827556578
91,0.0,0.0,0.0,0.0,0.0,0.0,127.34365244413061,318.35693213748505,91.4838660974447,537.1844506790603,716.3006716025942,-179.1162209235339,8.375789053276305,85.52038107053369,159.18052521292094,127.34442017033676,31.83610504258419,15.918052521292093,318.3558540455974,159.1779270227987,0.002165121931284375,91.4854307004942,91.48460953131706,91.48460953131706,335.1125601447211,6751.667120857483,3.918527853291307,159.17956555516326,8621.10479118247,2.127183800505919,152.47311016240783,91.48460953131706,1.782889392963661,228.71276483051128,875.4780006928039,91.48460953131706,5.093753751977615,26.52973716761001,211.90758968834612,875.4780006928039,228.71276483051088,335.1125601447211,159.17956555516326,152.47311016240783
92,0.0,0.0,0.0,0.0,0.0,0.0,127.34426662509554,318.3559079501918,91.48431215776812,537.1844867330555,716.3001047646512,-179.11561803159577,8.37578016249996,85.52040417341297,159.18082311353083,127.34465849082467,31.836164622706168,15.918082311353084,318.35560211762277,159.17780105881138,0.0018174788333453762,91.48624460280203,91.48543070049419,91.48543070049419,335.1114820528335,6825.137466353683,3.9185119114886375,159.18033328136943,8716.011014375656,2.1271996328219243,152.4738535962802,91.48543070049419,1.7828874977631002,228.71492995244256,875.4805988829262,91.48543070049419,5.09377680681347,26.52965450379979,214.00201698955055,875.4805988829262,228.71492995244216,335.1114820528335,159.18033328136943,152.4738535962802
93,0.0,0.0,0.0,0.0,0.0,0.0,127.34458011767884,318.3556174092512,91.48498328340378,537.1851808103338,716.3009632996784,-179.1157824893446,8.37577923580487,85.52051613748694,159.18074185172728,127.34459348138182,31.836148370345455,15.918074185172728,318.35598368874594,159.17799184437294,0.0011090447584365393,91.48686532922413,91.48624460280203,91.48624460280203,335.11117622026444,6898.607832843881,3.9184981328212087,159.18072514709854,8810.917228036022,2.1272111619485514,152.4749721390063,91.48624460280203,1.7828916665356456,228.7167474312759,875.4836209376456,91.48624460280203,5.093786339632987,26.529633509801897,216.09643667527135,875.4836209376456,228.7167474312755,335.11117622026444,159.18072514709854,152.4749721390063
94,0.0,0.0,0.0,0.0,0.0,0.0,127.34459080864121,318.3559653747713,91.48574007504273,537.1862962584553,716.3026176332254,-179.1163213747701,8.375784924753793,85.52065556462234,159.18047557805184,127.34438046244148,31.83609511561037,15.918047557805185,318.3567189481002,159.1783594740501,0.00044762269112652575,91.48720973381741,91.48686532922412,91.48686532922412,335.11154249975925,6972.078167536485,3.9184891729446827,159.18073851080152,8905.823444296766,2.127216336910238,152.47623345840455,91.48686532922412,1.7828997810773195,228.71785647603434,875.486370945,91.48686532922412,5.093783739255273,26.52966530739549,218.19085554198384,875.486370945,228.71785647603394,335.11154249975925,159.18073851080152,152.47623345840455
95,0.0,0.0,0.0,0.0,0.0,0.0,127.34442253168146,318.35668126943375,91.48641522755157,537.1875190286668,716.3045502111427,-179.1170311824759,8.375794616297528,85.52078734325282,159.18012484884326,127.34409987907462,31.836024969768655,15.918012484884326,318.35757787161896,159.17878893580948,-3.254281045883545e-5,91.48732163949019,91.48720973381742,91.48720973381742,335.1122960730882,7045.5484409574765,3.918486724721196,159.1805281646018,9000.729669078268,2.1272155867570146,152.47735871258595,91.48720973381742,1.7829101320829854,228.71830409872547,875.4884870490017,91.48720973381742,5.093775218497659,26.529726579008354,220.28527729532766,875.4884870490017,228.71830409872507,335.1122960730882,159.1805281646018,152.47735871258595
96,0.0,0.0,0.0,0.0,0.0,0.0,127.34416440959599,318.3575330415097,91.48689193131106,537.1885893824168,716.3064778524821,-179.11788847006528,8.375805478299164,85.5209065812664,159.17970124777432,127.34376099821947,31.835940249554866,15.917970124777431,318.35843460110317,159.17921730055158,-0.0004439091733274836,91.48730862236602,91.4873216394902,91.4873216394902,335.1131926752734,7119.018642801509,3.9184892372308657,159.18020551199498,9095.635905083105,2.1272110995657707,152.4781532188518,91.4873216394902,1.782920518712708,228.718271555915,875.4898229620355,91.4873216394902,5.093763995162985,26.52979815596825,222.3797041212122,875.4898229620355,228.7182715559146,335.1131926752734,159.18020551199498,152.4781532188518
97,0.0,0.0,0.0,0.0,0.0,0.0,127.34384168049479,318.3583895231235,91.48714975621854,537.1893809598369,716.3081013029545,-179.11872034311762,8.375815457988669,85.5209985100323,159.17929020521,127.34343216416801,31.835858041042002,15.917929020521001,318.35915613464647,159.1795780673232,-0.0008038234567493419,91.48713105869668,91.48730862236602,91.48730862236602,335.11409423486685,7192.488773251416,3.9184941324600406,159.17980210061847,9190.542154643177,2.1272046590631604,152.4785829270309,91.48730862236602,1.782928755970096,228.71782764674168,875.4903069092583,91.48730862236602,5.093750439928779,26.52986955009193,224.4741380512344,875.4903069092583,228.71782764674128,335.11409423486685,159.17980210061847,152.4785829270309
98,0.0,0.0,0.0,0.0,0.0,0.0,127.34351406743336,318.35911780407037,91.48724507590703,537.1898769474108,716.3091904814447,-179.11931353403395,8.37582323392865,85.52104915249775,159.17899709997025,127.3431976799762,31.83579941999405,15.917899709997025,318.35964021397547,159.1798201069877,-0.0009150122549499429,91.48680952931397,91.48713105869666,91.48713105869666,335.1148608463899,7265.958843573529,3.918500390602855,159.1793925842917,9285.44841735661,2.1271973526202035,152.4787417931784,91.48713105869666,1.7829339157149404,228.71702382328493,875.490019047145,91.48713105869666,5.0937372865667205,26.52992967788721,226.56857945701506,875.490019047145,228.71702382328453,335.1148608463899,159.1793925842917,152.4787417931784
99,0.0,0.0,0.0,0.0,0.0,0.0,127.3432609574676,318.3596140934802,91.4871766655808,537.1900517165286,716.3097017487637,-179.11965003223509,8.37582824999927,85.52105897692282,159.1788308309211,127.34306466473689,31.83576616618422,15.91788308309211,318.359867443895,159.1799337219475,-0.0007928124435920836,91.486443524412,91.48680952931397,91.48680952931397,335.115383256295,7339.4288735556975,3.918507014944921,159.1790761968345,9380.354689449412,2.1271904481455817,152.47862777596802,91.48680952931397,1.7829364607141136,228.71610881102998,875.4891960401275,91.48680952931397,5.093727907199047,26.52997001783129,228.66302655874128,875.4891960401275,228.71610881102947,335.115383256295,159.1790761968345,152.47862777596802
100,0.0,0.0,0.0,0.0,0.0,0.0,127.34310392328305,318.3598547763742,91.48695638382073,537.189915083478,716.3096916322127,-179.11977654873465,8.37583027229336,85.5210371205483,159.17876831716092,127.34301465372874,31.835753663432186,15.917876831716091,318.3598629476501,159.17993147382504,-0.0005691989769047723,91.48612639943457,91.48644352441198,91.48644352441198,335.1156366067097,7412.898884602039,3.9185127216471676,159.1788799041038,9475.260966862823,2.127185246125853,152.4782606397012,91.48644352441198,1.7829365558986012,228.7153159985864,875.4880931491011,91.48644352441198,5.093722586589474,26.52998895365792,230.7574773545455,875.4880931491011,228.71531599858588,335.1156366067097,159.1788799041038,152.4782606397012
